{
	"pages": [ //pages数组中第一项表示应用启动页，参考：https://uniapp.dcloud.io/collocation/pages
		{
			"path": "pages/home/home",
			"style": {
				"navigationBarTitleText": "首页",
				"enablePullDownRefresh": false
			}

		}, {
			"path": "pages/cate/cate",
			"style": {
				"navigationBarTitleText": "分类",
				"enablePullDownRefresh": false
			}

		}, {
			"path": "pages/cart/cart",
			"style": {
				"navigationBarTitleText": "购物车",
				"enablePullDownRefresh": false
			}

		}, {
			"path": "pages/my/my",
			"style": {
				"navigationBarTitleText": "我的",
				"enablePullDownRefresh": false
			}

		}
	],
	"tabBar": {
		// 背景颜色
		"color":"#333333",
		"selectedColor":"#c00000",
		// tabBar列表
		"list": [{
					"text":"首页",
				"pagePath": "pages/home/home",
				"iconPath": "static/tab_icons/home.png",
				"selectedIconPath": "./static/tab_icons/home-active.png"
			},
			{
				"text":"分类",
				"pagePath": "pages/cate/cate",
				"iconPath": "static/tab_icons/cate.png",
				"selectedIconPath": "./static/tab_icons/cate-active.png"
			},
			{
				"text":"购物车",
				"pagePath": "pages/cart/cart",
				"iconPath": "static/tab_icons/cart.png",
				"selectedIconPath": "./static/tab_icons/cart-active.png"
			},
			{
				"text":"我的",
				"pagePath": "pages/my/my",
				"iconPath": "static/tab_icons/my.png",
				"selectedIconPath": "./static/tab_icons/my-active.png"
			}
		]
	},
	
	"subPackages":[
		{
			"root": "subpkg",
			"pages":[{
                    "path" : "goods_detail/goods_detail",
                    "style" :                                                                                    
                {
                    "navigationBarTitleText": "商品详情",
                    "enablePullDownRefresh": false
                }
                
                }
                ,{
                    "path" : "goods_list/goods_list",
                    "style" :                                                                                    
                {
                    "navigationBarTitleText": "商品列表",
										"onReachBottomDistance": 50,
                    "enablePullDownRefresh": true
                }
                
                }
                ,{
                    "path" : "search/search",
                    "style" :                                                                                    
                {
                    "navigationBarTitleText": "商品搜索",
                    "enablePullDownRefresh": false
                }
                
                }
            ]
		}
	],
	"globalStyle": {
		"navigationBarTextStyle": "white",
		"navigationBarTitleText": "uni-app",
		"navigationBarBackgroundColor": "#c00000",
		"backgroundColor": "#F8F8F8"
	}
}
